Incident UID,Date,Day of Week,Week Number,Location,District,Province,Incident Description,Attack Method,Target Type,Assets Damaged,Abductions,Casualty Description,Civilian_Casualties,Civilian_Injuries,Militants_Casualties,Militants_Injuries,Forces_Casualties,Forces_Injuries,Claim
PK-KPK-BAN-2026-MAY01-01,2026-05-01,Friday,1st week,Fateh Khel,Bannu,KPK,Terrorists targeted a bulletproof police vehicle with an armed assault.,Armed Assault,Security Forces,Car,0,Driver died; 1 civilian injured.,1,1,0,0,0,0,Unclaimed
PK-KPK-NWA-2026-MAY01-02,2026-05-01,Friday,1st week,Darpakhel area of Miranshah,North Waziristan,KPK,Armed militants shot dead tribal elder Saifullah Dawar at his residence after a dispute. Armed clashes then broke out between local tribesmen and militants.,Armed Assault,Civilians / Militants,House,0,3 civilians died; 15+ injuries.,3,15,0,0,0,0,Tehreek-e-Taliban Ghazwaatul Hind (TTG)
PK-KPK-LAK-2026-MAY02-01,2026-05-02,Saturday,1st week,Shadi Khel,Lakki Marwat,KPK,Unknown militants destroyed the house of a police constable using explosive materials.,IED / Bomb Blast,Security Forces,House,0,No casualties reported.,0,0,0,0,0,0,Unclaimed
PK-KPK-NWA-2026-MAY02-02,2026-05-02,Saturday,1st week,Mir Ali area of Haider Khel,North Waziristan,KPK,A quadcopter drone strike targeted the area killing a student identified as Saad.,Drone / Quadcopter,Civilians,None,0,1 student killed.,1,0,0,0,0,0,Unclaimed
PK-KPK-DIK-2026-MAY02-03,2026-05-02,Saturday,1st week,Satoriyani Khoi Pior area,Dera Ismail Khan,KPK,An unknown quadcopter attack targeted and hit a local Mosque building.,Drone / Quadcopter,Religious Site,Mosque,0,No casualties reported.,0,0,0,0,0,0,Unclaimed
PK-KPK-BAJ-2026-MAY02-04,2026-05-02,Saturday,1st week,Mamond area of Shahi Tanga,Bajaur,KPK,A quadcopter drone strike hit a local cricket ground while sports activities were underway.,Drone / Quadcopter,Civilians,Cricket Ground,0,3 people injured.,0,3,0,0,0,0,Unclaimed
PK-KPK-OTH-2026-MAY02-05,2026-05-02,Saturday,1st week,Baba Picket,Unknown,KPK,An explosion targeted a water tanker vehicle carrying water to a security forces check post.,IED / Bomb Blast,Security Forces,Water Tanker,0,No casualties reported.,0,0,0,0,0,0,Unclaimed
PK-KPK-BAJ-2026-MAY03-01,2026-05-03,Sunday,1st week,Bajaur District,Bajaur,KPK,Unidentified armed assailants opened fire and killed tribal elder Malik Zia Salarzai.,Armed Assault,Civilians,None,0,Malik Zia Salarzai killed.,1,0,0,0,0,0,ISKP
PK-KPK-LAK-2026-MAY03-02,2026-05-03,Sunday,1st week,Tajori area,Lakki Marwat,KPK,Unidentified armed individuals abducted the principal of a private school.,Abduction,Civilians,None,1,1 school principal abducted.,0,0,0,0,0,0,Unclaimed
PK-KPK-BAJ-2026-MAY03-03,2026-05-03,Sunday,1st week,Barang,Bajaur,KPK,An improvised explosive device (IED) blast occurred in the area killing one civilian.,IED / Bomb Blast,Civilians,None,0,1 civilian killed.,1,0,0,0,0,0,Unclaimed
PK-KPK-SWA-2026-MAY03-04,2026-05-03,Sunday,1st week,Sarokai,South Waziristan,KPK,Terrorists opened fire on Additional SHO Mira Jan Shah's vehicle.,Armed Assault,Security Forces,Car,0,No casualties reported.,0,0,0,0,0,0,Unclaimed
PK-KPK-LAK-2026-MAY03-05,2026-05-03,Sunday,1st week,Lakki Marwat District,Lakki Marwat,KPK,A police official identified as Constable Irfanullah was martyred following a gun attack.,Armed Assault,Security Forces,None,0,Constable Irfanullah martyred.,0,0,0,0,1,0,Unclaimed
PK-BAL-WAS-2026-MAY03-06,2026-05-03,Sunday,1st week,Washuk District,Washuk,Balochistan,Security forces foiled an attack by BLA militants resulting in a fatal gun battle.,Security Operations,Militants,None,0,2 militants killed.,0,0,2,0,0,0,BLA
PK-KPK-LAK-2026-MAY04-01,2026-05-04,Monday,1st week,Samandi,Lakki Marwat,KPK,Militants opened fire on a police constable serving as a security gunner for MNA Sher Afzal Khan Marwat.,Armed Assault,Security Forces,None,0,1 constable injured.,0,0,0,0,0,1,Unclaimed
PK-KPK-SWA-2026-MAY04-02,2026-05-04,Monday,1st week,Azam Warsak,Lower South Waziristan,KPK,A powerful explosion followed by heavy firing collapsed the roof of a religious madrassa and damaged nearby mud houses.,IED / Bomb Blast,Infrastructure / Civilians,Madrassa / House,0,21 people injured.,0,21,0,0,0,0,Ittehad-ul-Mujahideen
PK-KPK-HAN-2026-MAY04-03,2026-05-04,Monday,1st week,Hangu District,Hangu,KPK,A security checkpost came under a heavy militant attack causing casualties among forces.,Armed Assault,Security Forces,Checkpost,0,1 paramilitary officer martyred; 3 others injured.,0,0,0,0,1,3,Unclaimed
PK-KPK-CHA-2026-MAY05-01,2026-05-05,Tuesday,1st week,Charsadda District,Charsadda,KPK,Prominent religious scholar Sheikh Muhammad Idrees lost his life in a targeted gun attack.,Armed Assault,Civilians,None,0,1 religious scholar killed; 2 constables injured.,1,2,0,0,0,0,ISKP
PK-KPK-BAJ-2026-MAY05-02,2026-05-05,Tuesday,1st week,Khwar Tehsil and Salarzai Tehsil,Bajaur,KPK,Two separate targeted firing incidents occurred in different tehsils of Bajaur district.,Armed Assault,Civilians,None,0,2 people killed.,2,0,0,0,0,0,Unclaimed
PK-KPK-SWA-2026-MAY06-01,2026-05-06,Wednesday,1st week,Panj Gona village in Angoor Adda,South Waziristan,KPK,A mortar shell fired from Afghanistan landed in a residential village killing a civilian.,Mortar Shell,Civilians,None,0,1 civilian killed.,1,0,0,0,0,0,Unclaimed
PK-KPK-KHY-2026-MAY06-02,2026-05-06,Wednesday,1st week,Zangi Adam Khel,Khyber,KPK,Security forces carried out an intelligence-based security operation targeting a terrorist hideout.,Security Operations,Militants,None,0,4 to 5 terrorists killed; 7 to 8 injured.,0,0,5,8,0,0,Unclaimed
PK-KPK-KRK-2026-MAY06-03,2026-05-06,Wednesday,1st week,Mardan Khel,Karak,KPK,Approximately 18-20 TTP terrorists attempted to enter the village and were repelled by local residents.,Armed Assault,Civilians,None,0,No casualties reported.,0,0,0,0,0,0,Unclaimed
PK-KPK-KHY-2026-MAY06-04,2026-05-06,Wednesday,1st week,Tirah,Khyber,KPK,Security forces conducted an intelligence-based counter-terrorism operation against militants.,Security Operations,Militants,None,0,6 militants killed; 3 others injured.,0,0,6,3,0,0,Unclaimed
PK-KPK-KRK-2026-MAY06-05,2026-05-06,Wednesday,1st week,Sam Banda area in Banda Daud Shah,Karak,KPK,Militants affiliated with the Pakistani Taliban attacked an oil field facility.,Armed Assault,Infrastructure,Oil Field,0,1 Federal Constabulary personnel injured.,0,0,0,0,0,1,Unclaimed
PK-KPK-SWA-2026-MAY07-01,2026-05-07,Thursday,1st week,Ghwa Khwa area of Wana,Lower South Waziristan,KPK,A motorcycle-borne IED exploded outside the residence of Saddam Hussain damaging the house.,IED / Bomb Blast,Private Property,Motorcycle / House,0,3 children killed; 2 others injured.,3,2,0,0,0,0,Unclaimed
PK-KPK-DIK-2026-MAY07-02,2026-05-07,Thursday,1st week,Kiri Shamozai area of Daraban,Dera Ismail Khan,KPK,Security forces conducted an intelligence-based operation eliminating a targeted terrorist.,Security Operations,Militants,None,0,1 terrorist killed.,0,0,1,0,0,0,Unclaimed
PK-KPK-HAN-2026-MAY07-03,2026-05-07,Thursday,1st week,Zargari and Daboni areas,Hangu,KPK,Heavy clashes broke out as militants besieged the Zargari police check-post and Shinawari Fort.,Armed Assault,Security Forces,Checkpost / Fort,0,1 police official injured.,0,0,0,0,0,1,Unclaimed
PK-KPK-HAN-2026-MAY07-04,2026-05-07,Thursday,1st week,Dorri Banda Market within Daoba police limits,Hangu,KPK,A cross-border or militant mortar shell landed near a petrol pump facility.,Mortar Shell,Infrastructure,Petrol Pump,0,Casualties unrecorded.,0,0,0,0,0,0,Unclaimed
PK-KPK-KRK-2026-MAY07-05,2026-05-07,Thursday,1st week,Karak and Khyber districts,Karak,KPK,The CTD conducted intelligence-based operations linked to investigations of major planned attacks.,Security Operations,Militants,None,0,9 militants killed; 21 arrested.,0,0,9,0,0,0,Unclaimed
PK-KPK-TAN-2026-MAY07-06,2026-05-07,Thursday,1st week,Umar Adda Road,Tank,KPK,Unidentified armed assailants targeted and shot dead a police constable identified as Abdullah Bettani.,Armed Assault,Security Forces,None,0,1 police constable killed.,0,0,0,0,1,0,Unclaimed
PK-KPK-BAJ-2026-MAY07-07,2026-05-07,Thursday,1st week,Damma Dola area,Bajaur,KPK,Clashes broke out between militants and security forces during a tactical field engagement.,Security Operations,Militants,None,0,2 people killed; 4 injured including a woman.,1,4,1,0,0,0,Unclaimed
PK-KPK-DIK-2026-MAY07-08,2026-05-07,Thursday,1st week,Near Safdar village,Dera Ismail Khan,KPK,Unidentified armed men stopped and kidnapped three Rescue 1122 personnel.,Abduction,Civilians,None,3,3 emergency response personnel abducted.,0,0,0,0,0,0,Unclaimed
PK-KPK-BAJ-2026-MAY08-01,2026-05-08,Friday,2nd week,Seen Ghara police post,Bajaur,KPK,Unidentified armed assailants shot and killed police constable Nazimullah while he was traveling to resume duty.,Armed Assault,Security Forces,None,0,1 police constable killed.,0,0,0,0,1,0,Unclaimed
PK-KPK-SWA-2026-MAY08-02,2026-05-08,Friday,2nd week,Ghwakhwa area of Wana,South Waziristan,KPK,A massive explosion from an explosives-filled drum planted beneath the Ghwakhwa bridge damaged the bridge and nearby houses.,IED / Bomb Blast,Infrastructure,Bridge / House,0,No casualties reported.,0,0,0,0,0,0,Unclaimed
PK-KPK-TAN-2026-MAY08-03,2026-05-08,Friday,2nd week,Tank District,Tank,KPK,Security forces conducted an intelligence-based operation resulting in an intense exchange of fire that killed four terrorists.,Security Operations,Militants,None,0,4 terrorists killed.,0,0,4,0,0,0,Unclaimed
PK-KPK-DIK-2026-MAY08-04,2026-05-08,Friday,2nd week,Dera Ismail Khan District,Dera Ismail Khan,KPK,Security forces killed one terrorist during a gun battle in an intelligence-based operation.,Security Operations,Militants,None,0,1 terrorist killed.,0,0,1,0,0,0,Unclaimed
PK-BAL-ZIA-2026-MAY09-01,2026-05-09,Saturday,2nd week,Grani area,Ziarat,Balochistan,Security forces killed two Baloch militants and defused two IEDs during an intelligence-based operation.,Security Operations,Militants,None,0,2 terrorists killed.,0,0,2,0,0,0,Unclaimed
PK-KPK-BAN-2026-MAY09-02,2026-05-09,Saturday,2nd week,Fateh Khel Police Station,Bannu,KPK,A VBIED attack claimed by Ittehad-ul-Mujahideen Pakistan martyred 18 personnel and injured several others including civilians.,VBIED,Security Forces,Police Station,0,18 personnel martyred; 4 civilians (including 1 woman and 1 child) injured.,0,4,0,0,18,0,Ittehad-ul-Mujahideen Pakistan
PK-KPK-BAN-2026-MAY09-03,2026-05-09,Saturday,2nd week,Fatima Khel area near Bilal Center,Bannu,KPK,Police carried out an operation during which a building allegedly linked to militants was set on fire.,Security Operations,Militants,Building,0,No casualties confirmed.,0,0,0,0,0,0,Unclaimed
PK-KPK-BAJ-2026-MAY10-01,2026-05-10,Sunday,2nd week,Raggan Bazaar,Bajaur,KPK,An unidentified individual detonated a planted explosive device inside a flour shop completely destroying it.,IED / Bomb Blast,Private Property,Flour Shop,0,No casualties reported.,0,0,0,0,0,0,Unclaimed
PK-KPK-NWA-2026-MAY10-02,2026-05-10,Sunday,2nd week,Shewa tehsil,North Waziristan,KPK,A large-scale security operation against militants continued for a third day killing seven militants and destroying hideouts.,Security Operations,Militants,Militant Hideouts,0,7 militants killed.,0,0,7,0,0,0,Unclaimed
PK-KPK-TAN-2026-MAY10-03,2026-05-10,Sunday,2nd week,Kamdabak area of Jandola subdivision,Tank,KPK,Militants blew up a Government Girls Primary School building using explosive devices.,IED / Bomb Blast,Educational Institution,School,0,No casualties reported.,0,0,0,0,0,0,Unclaimed
PK-KPK-BAN-2026-MAY11-01,2026-05-11,Monday,3rd week,Link road near Indus Highway,Bannu,KPK,Armed attackers targeted the vehicle of Additional Deputy Commissioner Habibullah Wazir while traveling to office.,Armed Assault,Government Official,Car,0,Official survived; no casualties reported.,0,0,0,0,0,0,Unclaimed
PK-KPK-BAJ-2026-MAY11-02,2026-05-11,Monday,3rd week,Tarkho area of Mamund tehsil,Bajaur,KPK,Unidentified armed men opened fire and killed police officer Saeedullah.,Armed Assault,Security Forces,None,0,1 police officer killed.,0,0,0,0,1,0,ISKP
PK-KPK-BAN-2026-MAY11-03,2026-05-11,Monday,3rd week,Bannu District,Bannu,KPK,Unidentified armed men abducted a Central Jail Police warden.,Abduction,Security Forces,None,1,1 Central Jail Police warden abducted.,0,0,0,0,0,0,Unclaimed
PK-PUN-ATT-2026-MAY11-04,2026-05-11,Monday,3rd week,Village Mankur in Jand area,Attock,Punjab,A suspected suicide bomber detonated his explosive vest when confronted by a local resident near a check post.,Suicide Bombing,Security Forces,None,0,1 civilian killed; 1 suicide bomber killed.,1,0,1,0,0,0,Unclaimed
PK-KPK-BAN-2026-MAY12-01,2026-05-12,Tuesday,3rd week,Lora Bridge near Fateh Khel Police Check Post,Bannu,KPK,Militants destroyed the Lora Bridge on Miranshah Road using explosive devices disrupting traffic.,IED / Bomb Blast,Infrastructure,Bridge,0,No casualties reported.,0,0,0,0,0,0,Unclaimed
PK-KPK-LAK-2026-MAY12-02,2026-05-12,Tuesday,3rd week,Serai Naurang tehsil,Lakki Marwat,KPK,A bomb blast martyred seven people including two policemen and injured 23 others.,IED / Bomb Blast,Civilians / Security Forces,None,0,7 killed (5 civilians and 2 policemen); 23 injured.,5,23,0,0,2,0,Unclaimed
PK-KPK-BAN-2026-MAY13-01,2026-05-13,Wednesday,3rd week,Domel area,Bannu,KPK,Terrorists robbed a bank cash van and escaped with over PKR 80 million in cash.,Armed Robbery,Financial Institution,Bank Van,0,No casualties reported.,0,0,0,0,0,0,TTP
PK-BAL-BAR-2026-MAY13-02,2026-05-13,Wednesday,3rd week,Nosham area,Barkhan,Balochistan,Security forces launched an area sanitization operation engaging Baloch militants in fire exchange.,Security Operations,Militants,None,0,7 terrorists killed; 5 security personnel martyred.,0,0,7,0,5,0,Unclaimed
PK-BAL-2026-MAY14-01,2026-05-14,Thursday,3rd week,Balochistan,Gwadar,Balochistan,Armed men abducted the VC of Gwadar uni.,Abduction later released,civilians,0,4,0,0,0,0,0,0,0,Unclaimed
PK-KPK-BAJ-2026-MAY14-02,2026-05-14,Thursday,3rd week,Mamund tehsil,Bajaur,KPK,An infiltration attempt at a Scouts camp was foiled by forces leading to a clearance operation.,Security Operations,Militants,None,0,9 attackers killed; 3 security personnel injured.,0,0,9,0,0,3,TTP
PK-KPK-BAN-2026-MAY15-01,2026-05-15,Friday,3rd week,Shad Khan Kallay in Jani Khel area,Bannu,KPK,Police and security forces conducted a joint operation killing nine terrorists and injuring one.,Security Operations,Militants,None,0,9 terrorists killed; 1 critically injured.,0,0,9,1,0,0,Unclaimed
PK-BAL-QUE-2026-MAY15-02,2026-05-15,Friday,3rd week,Mangla Zarghoon Gar / Shabaan area,Quetta,Balochistan,A four-day operation concluding May 15 resulted in the elimination of 33 terrorists and arrest of 3 commanders.,Security Operations,Militants,None,0,33 terrorists killed; 3 captured.,0,0,33,0,0,0,Unclaimed
PK-BAL-QUE-2026-MAY15-03,2026-05-15,Friday,3rd week,Quetta-Taftan Highway (N40),Quetta,Balochistan,Militants attacked mineral transport trucks and abducted four drivers belonging to Punjab.,Armed Assault / Abduction,Civilians,Truck,4,4 drivers abducted.,0,0,0,0,0,0,BLA
PK-KPK-DIK-2026-MAY15-04,2026-05-15,Friday,3rd week,Tikwara village of Kulachi tehsil,Dera Ismail Khan,KPK,Security forces killed two terrorists during an intelligence-based operation.,Security Operations,Militants,None,0,2 terrorists killed.,0,0,2,0,0,0,Unclaimed
PK-KPK-KUR-2026-MAY15-05,2026-05-15,Friday,3rd week,Kurram District,Kurram,KPK,A clash between security forces and militants resulted in militant casualties and security force martyrdoms.,Security Operations,Militants,None,0,3 militants killed; several injured. 2 security personnel martyred.,0,0,3,0,2,0,Unclaimed
PK-BAL-NUS-2026-MAY15-06,2026-05-15,Friday,3rd week,Rahman Killi area,Nushki,Balochistan,Armed clashes occurred where two terrorists were killed after they had abducted four laborers.,Security Operations / Abduction,Militants,None,4,2 terrorists killed; 4 laborers abducted.,0,0,2,0,0,0,Unclaimed
PK-KPK-PES-2026-MAY16-01,2026-05-16,Saturday,3rd week,Kohat Road in Matni area,Peshawar,KPK,Unidentified terrorists opened fire and martyred police constable Yasir deployed on duty.,Armed Assault,Security Forces,None,0,1 police constable martyred.,0,0,0,0,1,0,Unclaimed
PK-BAL-KEC-2026-MAY16-02,2026-05-16,Saturday,3rd week,Near Absar Research Farm in Turbat,Kech,Balochistan,BLA terrorists attacked and martyred Lady Police Constable Shahkeela while injuring her husband and child.,Armed Assault,Security Forces,None,0,1 lady constable martyred; 2 civilians injured.,0,2,0,0,1,0,BLA
PK-KPK-BAN-2026-MAY16-03,2026-05-16,Saturday,3rd week,Malik Sher Jan village in Gambar area,Bannu,KPK,A clash took place between police and TTP terrorists resulting in the killing of one terrorist.,Security Operations,Militants,None,0,1 terrorist killed.,0,0,1,0,0,0,TTP
PK-KPK-BAN-2026-MAY16-04,2026-05-16,Saturday,3rd week,Bannu District,Bannu,KPK,"An operation named ""Avenging the Martyrs of Police"" eliminated five high-value targets over 24 hours.",Security Operations,Militants,None,0,5 high-value targets killed.,0,0,5,0,0,0,Unclaimed
PK-KPK-DIK-2026-MAY16-05,2026-05-16,Saturday,3rd week,Gharah Aslam area of Kulachi tehsil,Dera Ismail Khan,KPK,Two TTP terrorists were killed during an intelligence-based operation.,Security Operations,Militants,None,0,2 terrorists killed.,0,0,2,0,0,0,TTP
PK-KPK-KUR-2026-MAY16-06,2026-05-16,Saturday,3rd week,Kurram District,Kurram,KPK,Two terrorists affiliated with the TTP Kazim group were killed in a security incident.,Security Operations,Militants,None,0,2 terrorists killed.,0,0,2,0,0,0,TTP
PK-KPK-DIK-2026-MAY17-01,2026-05-17,Sunday,3rd week,Wanda Zalo village in Malagan,Dera Ismail Khan,KPK,Security forces killed four TTP terrorists during an intelligence-based fire exchange near the border.,Security Operations,Militants,None,0,4 terrorists killed.,0,0,4,0,0,0,TTP
PK-KPK-LAK-2026-MAY17-02,2026-05-17,Sunday,3rd week,Near Darra Tang border check posts,Lakki Marwat,KPK,TTP terrorists carried out unsuccessful quadcopter drone projectile attacks targeting border check posts.,Drone / Quadcopter,Security Forces,None,0,No casualties reported.,0,0,0,0,0,0,TTP
PK-KPK-SWA-2026-MAY18-01,2026-05-18,Monday,4th week,Wana Bazaar,South Waziristan,KPK,A planted IED explosion killed tribal chief Malik Tariq and injured five other individuals.,IED / Bomb Blast,Civilians,None,0,1 tribal chief killed; 5 civilians injured.,1,5,0,0,0,0,ISKP
PK-KPK-TAN-2026-MAY18-02,2026-05-18,Monday,4th week,Wanda Zulu area,Tank,KPK,Armed militants shot and killed a Wildlife Department employee while he was performing official duties.,Armed Assault,Civilians,None,0,1 Wildlife Department employee killed.,1,0,0,0,0,0,Unclaimed
PK-KPK-LAK-2026-MAY18-03,2026-05-18,Monday,4th week,Near Kotka Nazar Shah in Ghazni Khel tehsil,Lakki Marwat,KPK,Explosive material planted beneath a bridge near Dagar Kili severely damaged the roadside structure.,IED / Bomb Blast,Infrastructure,Bridge,0,No casualties reported.,0,0,0,0,0,0,Unclaimed
PK-KPK-BAJ-2026-MAY18-04,2026-05-18,Monday,4th week,Anzari area of Loi Sam,Bajaur,KPK,An unidentified quadcopter strike targeted the residence of Sher Afzal injuring six people and killing livestock.,Drone / Quadcopter,Civilians,House / Livestock,0,6 civilians injured; livestock killed.,0,6,0,0,0,0,Unclaimed
PK-KPK-BAJ-2026-MAY18-05,2026-05-18,Monday,4th week,Dag Qila area of Salarzai tehsil,Bajaur,KPK,Unidentified gunmen shot dead police personnel Syed Aziz deployed for polio security duty.,Armed Assault,Security Forces,None,0,1 police personnel killed.,0,0,0,0,1,0,Unclaimed
PK-KPK-BAJ-2026-MAY18-06,2026-05-18,Monday,4th week,Salarzai area,Bajaur,KPK,"In a second incident, police personnel Syed Qadir Shah assigned to polio security duty was shot dead.",Armed Assault,Security Forces,None,0,1 police personnel killed.,0,0,0,0,1,0,Unclaimed
PK-KPK-NWA-2026-MAY19-01,2026-05-19,Tuesday,4th week,Shewa area,North Waziristan,KPK,Security forces killed 22 TTP terrorists during intelligence-based and area sanitization operations.,Security Operations,Militants,None,0,22 terrorists killed.,0,0,22,0,0,0,TTP
PK-KPK-BAJ-2026-MAY19-02,2026-05-19,Tuesday,4th week,Bar Khalozo area of Mamund tehsil,Bajaur,KPK,Unidentified armed men opened fire and killed police constable Imtiaz.,Armed Assault,Security Forces,None,0,1 police constable killed.,0,0,0,0,1,0,Unclaimed
PK-KPK-LAK-2026-MAY19-03,2026-05-19,Tuesday,4th week,Shadi Khel area,Lakki Marwat,KPK,Terrorists destroyed a girls' primary school building using explosive devices causing severe damage.,IED / Bomb Blast,Educational Institution,School,0,No casualties reported.,0,0,0,0,0,0,Unclaimed
PK-BAL-KEC-2026-MAY19-04,2026-05-19,Tuesday,4th week,Turbat,Kech,Balochistan,Unidentified armed men shot and killed a Counter-Terrorism Department (CTD) official.,Armed Assault,Security Forces,None,0,1 CTD official killed.,0,0,0,0,1,0,Unclaimed
PK-KPK-KUR-2026-MAY20-01,2026-05-20,Wednesday,4th week,Kamran village of Manato area,Kurram,KPK,Intense clashes between TTP and JuA factions resulted in the death of senior commander Mumtaz Ummati and 18 militants.,Infighting,Militants,None,10+L83+L82,19 militants killed.,0,0,19,0,0,0,JuA
PK-PUN-TAU-2026-MAY20-02,2026-05-20,Wednesday,4th week,Chitrota Police Station in Taunsa Sharif,Taunsa,Punjab,TTP terrorists targeted a police station using quadcopter drones dropping explosives that damaged the structure.,Drone / Quadcopter,Security Forces,Police Station,0,No casualties reported.,0,0,0,0,0,0,TTP
PK-BAL-QUE-2026-MAY20-03,2026-05-20,Wednesday,4th week,Quetta,Quetta,Balochistan,Security forces tracked down and killed terrorist mastermind Bashir and captured an associate alive.,Security Operations,Militants,None,0,1 mastermind killed; 1 captured.,0,0,1,0,0,0,Unclaimed
PK-KPK-NWA-2026-MAY20-04,2026-05-20,Wednesday,4th week,Spin Wam area,North Waziristan,KPK,A prolonged security operation resulted in the killing of top TTP commander Hazrat Umer alias Jan Mir and Tor Saqib along with 11 other members.,Security Operations,Militants,None,0,13 militants killed.,0,0,23,0,0,0,ISPR
PK-KPK-BAJ-2026-MAY21-01,2026-05-21,Thursday,4th week,Salarzai area,Bajaur,KPK,A quadcopter incident affected the local population injuring two civilian children.,Drone / Quadcopter,Civilians,None,0,2 children injured.,0,2,0,0,0,0,Unclaimed
PK-KPK-BAJ-2026-MAY21-02,2026-05-21,Thursday,4th week,Brakho village in Mamund area,Bajaur,KPK,ISKP claimed responsibility for targeting and killing Police Constable Ilyas with handgun fire.,Armed Assault,Security Forces,None,0,1 police constable killed.,0,0,0,0,1,0,ISKP
PK-KPK-BAJ-2026-MAY21-03,2026-05-21,Thursday,4th week,Police stations in Jhal Magsi,Jhal Magsi,Balochistan,"Terrorists affiliated with Baloch militant groups lobbed grenades and carried out distant firing, three civilians wew affected.",Armed Assault/Bomb Blast,Security Forces,Police Station,0,3 civilians were affected,0,3,0,0,0,0,Unclaimed
PK-KPK-BAJ-2026-MAY22-01,2026-05-22,Friday,4th week,Wada Mamond tehsil and nearby areas,Bajaur,KPK,"Security forces are conducting a joint search operation in several areas of Bajaur district in Khyber Pakhtunkhwa after recent militant attacks. An exchange of fire was also reported in Inam Khwaru Chenagai, where militants reportedly suffered casualties.",Joint Search Operations,Militants,None,0,0,0,0,Unrecorded,0,0,0,Unclaimed
PK-KPK-KHY-2026-MAY22-02,2026-05-22,Friday,4th week,Kalinga Bypass area of Bara,Khyber,KPK,"Unknown motorcyclists opened fire on Police Officer Akakhel Shah in the Kalinga Bypass area of Bara, Khyber district in Khyber Pakhtunkhwa. According to reports, he was killed on the spot.",Armed Assault,Security Forces,None,0,0,0,0,1,0,0,0,Unclaimed
PK-KPK-BAN-2026-MAY22-03,2026-05-22,Friday,4th week,Buda Mir Abbas BHU,Bannu,KPK,"An explosive device planted by unidentified terrorists detonated at Buda Mir Abbas BHU within the limits of Mandan Police Station in Bannu district of Khyber Pakhtunkhwa. According to reports, the blast damaged the building, however no casualties were reported.",Bomb blast,Security Forces,Police Station,0,0,0,0,0,0,0,0,Unclaimed
PK-KPK-LAK-2026-MAY23-01,2026-05-23,Saturday,4th week,Kichi Qamar Lundiwa,Lakki Marwat,KPK,"A clash is underway between the Police Peace Committee and terrorists affiliated with the Pakistani Taliban near Kichi Qamar Lundiwa in Lakki Marwat district of Khyber Pakhtunkhwa. According to reports, two militants have been killed while commander Kaleem alias Qaima was reportedly injured.",Clash,Police Peace Committee,None,0,2,0,0,2,1,0,0,Unclaimed
PK-KPK-BAN-2026-MAY23-02,2026-05-23,Saturday,4th week,Barkazai,Bannu,KPK,Intense armed clashes are ongoing between the Police Peace Committee and terrorists affiliated with the Pakistani Taliban near Barkazai area within the limits of Miryan Police Station in Bannu district of Khyber Pakhtunkhwa.,Armed Clashes,Police Peace Committee,None,0,39,2,3,25,0,2,7,IMP
PK-KPK-BAN-2026-MAY23-03,2026-05-23,Saturday,4th week,Near Gul Zaman Mosque,Bannu,KPK,"Bannu Police successfully defused a 10-
kilogram remote-controlled explosive device
planted near Gul Zaman Mosque on the
Bannu–Miranshah Road in Khyber
Pakhtunkhwa, preventing a major potential
attack.",Bomb blast,Mosque,0,0,0,0,0,0,0,0,0,Unclaimed
PK-KPK-BAJ-2026-MAY23-04,2026-05-23,Saturday,4th week,Villages,Bajaur,KPK,"Security forces have imposed a three-day curfew in Bajaur district of Khyber Pakhtunkhwa amid reports of a possible operation. The restrictions apply to the villages of Anga, Shahi Tangi, Nari Tangi, and Shakro in Wara Mamond. Residents have been advised to stay indoors and avoid areas believed to house militant hideouts.",Curfew by security forces,None,0,0,0,0,0,0,0,0,0,Unclaimed
PK-BAL-PISHIN-2026-MAY23-05,2026-05-23,Saturday,4th week,Surkhab refugee camp,Pishin,Balochistan,"The Balochistan Counter-Terrorism Department (CTD) has reported that four terrorists were killed during an intense exchange of fire in an operation in Pishin district late Friday.
According to a CTD spokesperson, the operation was launched in the Surkhab refugee camp area, about 20 kilometres from Pishin town, after intelligence indicated the presence of militants.",Intelligence operation,Terrorists,None,0,4,0,0,4,0,0,0,Unclaimed
PK-PUN-2026-MAY23-06,2026-05-23,Saturday,4th week,Across Punjab,"Lahore, Jhang, Sahiwal,
Jhelum, Chiniot, Mandi
Bahauddin, and Mianwali",Punjab,"The Counter Terrorism Department (CTD) Punjab arrested 13 suspected terrorists during intelligence-based operations across Punjab.
According to officials, the operations were conducted in Lahore, Jhang, Sahiwal, Jhelum, Chiniot, Mandi Bahauddin, and Mianwali. Arms and explosives were also recovered during the raids. The suspects were linked to Fitna al Khawarij (Pakistani Taliban) and other banned groups.",Arrest,Terrorists,None,0,0,0,0,0,0,0,13 arrested,Fitna al Khwarij
PK-BAL-QUE-2026-MAY23-07,2026-05-23,Saturday,4th week,Close to a passing train,Quetta,Balochistan,"A powerful explosion occurred near a paramilitary installation close to a passing train in Balochistan, derailing two bogeys.
According to police, more than 30 kilograms of explosives were used in the suspected suicide bombing. The death toll has risen to 23, while around 47 others were injured. Rescue operations are still underway, and officials say the figures may rise further.
Initial investigations suggest the train had stopped near the installation to attach additional bogeys for families of security personnel returning home for Eid. Most of the casualties were reportedly women and children.",Explosion,Civilians,train,0,23,23,47,0,0,0,0,BLA Jeyand Faction
PK-KPK-DIK-2026-MAY24-01,2026-05-24,Sunday,5th week,"Attal Sharif area of Kulachi
tehsil",Dera Ismail Khan,KPK,"Unidentified armed men opened fire on members of a peace committee in the Attal Sharif area of Kulachi tehsil, Dera Ismail Khan district in Khyber Pakhtunkhwa. According to the police, four people were killed.",Clash,Peace Committee,None,0,4,4,0,0,0,0,0,Unclaimed
PK-KPK-BAJ-2026-MAY24-02,2026-05-24,Sunday,5th week,Mamund,Bajaur,KPK,"According to Khyber Pakhtunkhwa Police, during ongoing joint operations in Mamund area of Bajaur district, 13 terrorists have been killed and 15 facilitators arrested over the past month in intelligence based actions aimed at dismantling militant networks and their support systems.",Joint Operations,Terrorists,0,0,13,0,0,13,15 arrested,0,0,Unclaimed
PK-KPK-NW-2026-MAY24-03,2026-05-24,Sunday,5th week,Datta Khel,North Waziristan,KPK,"According to Pakistan Military Media Wing Inter Services Public Relations, in continuation of a series of intelligence-based operations, security forces engaged multiple militant hideouts in the Datta Khel area of North Waziristan district in Khyber Pakhtunkhwa over the last 48 hours.
During the operation, eleven terrorists belonging to Fitna-al-Khwarij (term used for Pakistani Taliban) were effectively neutralized.",Intelligence operation,Terrorists,0,0,11,0,0,11,0,0,0,Unclaimed
PK-KPK-KUR-2026-MAY24-04,2026-05-24,Sunday,5th week,"Hujra of JUI provincial assembly
member",Kurram,KPK,A hand grenade was hurled late at night at the hujra of JUI provincial assembly member Riaz Shaheen in Kurram district of Khyber Pakhtunkhwa. No casualties were reported.,Hand grenade,JUI Assembly member,0,0,0,0,0,0,0,0,0,Unclaimed
PK-KPK-TANK-2026-MAY25-01,2026-05-25,Monday,5th week,Chesan Kuch,Tank,KPK,"According to local sources, terrorists blew up a Basic Health Unit (BHU) and a Government Middle School for Boys in the Chesan Kach area within the limits of Saddar Police Station in Tank district of Khyber Pakhtunkhwa using explosive materials. No casualties were reported in the incident.",Blast,"BHU and government
middle school for boys",0,0,0,0,0,0,0,0,0,Unclaimed
PK-BAL-TUR-2026-MAY25-02,2026-05-25,Monday,5th week,Turbat,Turbat,Balochistan,"Security forces successfully recovered and neutralized a 20-kilogram explosive device in Turbat district of Balochistan, preventing a major terror incident.",Blast,CIVILIAN,0,0,0,0,0,0,0,0,0,Unclaimed
PK-KPK-DIK-2026-MAY25-03,2026-05-25,Monday,5th week,"Loni village, Kulachi tehsil",Dera Ismail Khan,KPK,"Security forces conducted an intelligence-based operation in Loni village of Kulachi tehsil, Dera Ismail Khan district in Khyber Pakhtunkhwa, killing three terrorists affiliated with the Pakistani Taliban and injuring four others. A search and clearance operation in the area is still underway.",Intelligence operation,Terrorists,None,0,3,0,0,3,4,0,0,Unclaimed
PK-KPK-BAJ-2026-MAY25-04,2026-05-25,Monday,5th week,"Laghrai Bazaar, Loye Mamund tehsil.",Bajaur,KPK,"Unidentified armed assailants opened fire in Laghrai Bazaar, Loye Mamund tehsil, Bajaur district of Khyber Pakhtunkhwa, injuring Haji Syed Rahman, who later succumbed to his injuries.",Armed assault,civilians,None,0,1,1,0,0,0,0,0,Unclaimed
PK-KPK-MOH-2026-MAY26-01,2026-05-26,Tuesday,5th week,"Rambat area, Ambar tehsil",Mohmand,KPK,"A clash erupted between security forces and terrorists affiliated with the Tehreek-e-Taliban Pakistan in the Rambat area of Ambar tehsil, Mohmand district in Khyber Pakhtunkhwa. According to security sources, an infiltration attempt by the militants was foiled during the operation. Four terrorists were killed while two others escaped injured. A search operation in the area is still underway.",CLASH,Terrorists,None,0,4,0,0,4,2,0,0,Unclaimed
PK-KPK-BAN-2026-MAY26-02,2026-05-26,Tuesday,5th week,Kashu Nulla area of Domel,Bannu,KPK,"Police recovered the bullet-riddled bodies of two young men from the Kashu Nullah area of Domel in Bannu district of Khyber Pakhtunkhwa. According to reports, the victims remained unidentified until late night.",none,civilians,None,0,2,2,0,0,0,0,0,Unclaimed
PK-KPK-BAN-2026-MAY26-03,2026-05-26,Tuesday,5th week,Kakakhel Masjid in the Sardikhel,Bannu,KPK,"According to police sources, unidentified armed assailants opened fire on serving FC official Ghazi Rehman near Kakakhel Masjid in the Sardikhel area of Bannu district in Khyber Pakhtunkhwa. Ghazi Rehman, who had returned to his village on leave to celebrate Eid, was killed in the attack.",armed assault,Civilian,None,0,1,1,0,0,0,0,0,Unclaimed
PK-KPK-KOH-2026-MAY29-01,2026-05-29,Friday,5th week,Dara Adam Khel,Kohat,KPK,Armed clash is ongoing between security forces and terrorists affiliated with the Pakistani Taliban in the Dara Adam Khel area of Kohat district in Khyber Pakhtunkhwa.,Armed Clashes,Terrorists,0,0,13,0,0,13,0,0,0,TTP
PK-KPK-NW-2026-MAY29-02,2026-05-29,Friday,5th week,north waziristan,North Waziristan,KPK,"Naseeb Zada, a former teacher from Shewa in North Waziristan district of Khyber Pakhtunkhwa, was abducted and killed by terrorists affiliated with the Pakistani Taliban.
He had reportedly fled North Waziristan due to his anti-Taliban stance and later rebuilt his life in Rawalpindi. According to reports, he was abducted and killed after returning to his hometown to celebrate Eid.",ABDUCTION,TEACHER,0,1 abducted and then killed,1,1,0,0,0,0,0,Unclaimed
PK-KPK-SW-2026-MAY31-01,2026-05-31,Sunday,6th week,Wana Bazaar,South Waziristan,KPK,"An unidentified armed individual hurled a hand grenade at a police station in Wana Bazaar, South Waziristan. No casualties were reported in the attack, and police have launched an investigation into the incident.",Blast,Police Station,0,0,0,0,0,0,0,0,0,Unclaimed
PK-KPK-DIK-2026-MAY31-02,2026-05-31,Sunday,6th week,Kulachi-Hathala road,DIK,KPK,"Frontier Corps soldier Hafiz Muhammad Owais was martyred after terrorists intercepted a passenger bus on the Kulachi–Hathala Road in Dera Ismail Khan, Khyber Pakhtunkhwa, identified him through his service card, and abducted and killed him.",Terrorist intercepted passenger bus,civilians,0,1 abducted and then killed,1,0,0,0,0,1,0,Unclaimed
PK-KPK-SW-2026-MAY31-03,2026-05-31,Sunday,6th week,Wana,Lower South Waziristan,KPK,"Maulana Ziauddin Haqqani, a senior leader of Jamiat Ulema-e-Islam (F) in Lower South Waziristan, survived an assassination attempt in Wana. He was injured in the attack and shifted to a hospital for treatment.
Affiliates of Jamiat Ulema-e-Islam (F) have been repeatedly targeted by Islamic State Khorasan Province (ISKP) in recent years.",Assassination attempt,JUI (F) senior leader,0,0,0,0,1,0,0,0,0,ISKP
